<?xml version="1.0" encoding="UTF-8"?>
<project xmlns="http://www.netbeans.org/ns/project/1">
    <type>com.microchip.mplab.nbide.embedded.makeproject</type>
    <configuration>
        <data xmlns="http://www.netbeans.org/ns/make-project/1">
            <name>RTOS</name>
            <creation-uuid>9eb04017-a310-4732-9b60-9ad538d7b1ec</creation-uuid>
            <make-project-type>0</make-project-type>
            <c-extensions>c</c-extensions>
            <cpp-extensions/>
            <header-extensions>h</header-extensions>
            <asminc-extensions/>
            <sourceEncoding>UTF-8</sourceEncoding>
            <make-dep-projects/>
            <sourceRootList>
                <sourceRootElem>../include</sourceRootElem>
                <sourceRootElem>../FreeRTOS/Source</sourceRootElem>
            </sourceRootList>
            <confList>
                <confElem>
                    <name>MZ_EFM</name>
                    <type>3</type>
                </confElem>
                <confElem>
                    <name>MZ_ECM</name>
                    <type>3</type>
                </confElem>
                <confElem>
                    <name>MX_795</name>
                    <type>3</type>
                </confElem>
                <confElem>
                    <name>MZ_DAB</name>
                    <type>3</type>
                </confElem>
            </confList>
            <formatting>
                <project-formatting-style>false</project-formatting-style>
            </formatting>
        </data>
    </configuration>
</project>
